A,B,A_B
10468,51086,10468_51086
10470,51773,10470_51773
50607,50546,50607_50546
500282,50740,500282_50740
50731,500282,50731_500282
51084,11741,51084_11741
11741,51114,11741_51114
50936,15658,50936_15658
15659,15658,15659_15658
50912,15662,50912_15662
15659,50912,15659_50912
51749,51750,51749_51750
51896,51897,51896_51897
51898,51897,51898_51897
51126,51148,51126_51148
51125,51126,51125_51126
51110,51111,51110_51111
51104,50950,51104_50950
50949,51104,50949_51104
51123,51125,51123_51125
51109,51110,51109_51110
51122,51123,51122_51123
51096,51100,51096_51100
51094,51096,51094_51096
50943,51089,50943_51089
50935,50938,50935_50938
50906,50905,50906_50905
50933,50934,50933_50934
50941,50943,50941_50943
50941,50944,50941_50944
51068,51069,51068_51069
50921,50927,50921_50927
50890,50906,50890_50906
50902,50907,50902_50907
50901,50902,50901_50902
50927,50929,50927_50929
51061,51059,51061_51059
51059,51088,51059_51088
51067,51068,51067_51068
51076,51069,51076_51069
50889,50890,50889_50890
51086,51084,51086_51084
51066,51067,51066_51067
50888,50889,50888_50889
50925,50928,50925_50928
50894,50900,50894_50900
50897,50894,50897_50894
50893,50888,50893_50888
50896,50897,50896_50897
51132,51135,51132_51135
50892,50896,50892_50896
50892,50893,50892_50893
50922,50924,50922_50924
50884,50885,50884_50885
50887,50993,50887_50993
50886,50887,50886_50887
50992,50886,50992_50886
50883,50886,50883_50886
50879,50883,50879_50883
50881,50879,50881_50879
50994,50995,50994_50995
50877,50878,50877_50878
50990,50994,50990_50994
50990,50991,50990_50991
50859,50877,50859_50877
51036,51038,51036_51038
50876,50881,50876_50881
50986,50984,50986_50984
50857,50859,50857_50859
50983,50984,50983_50984
50979,50982,50979_50982
50979,50876,50979_50876
50858,50857,50858_50857
50980,50979,50980_50979
48275,48276,48275_48276
50872,50875,50872_50875
50866,50858,50866_50858
50976,50980,50976_50980
50978,50977,50978_50977
50974,50975,50974_50975
50985,50978,50985_50978
51000,50999,51000_50999
51035,51037,51035_51037
50865,50872,50865_50872
50865,50866,50865_50866
50867,50865,50867_50865
50958,50959,50958_50959
50959,50961,50959_50961
50961,50968,50961_50968
50969,50968,50969_50968
51013,51014,51013_51014
50963,50968,50963_50968
51029,51030,51029_51030
50851,50853,50851_50853
51022,51023,51022_51023
50962,50963,50962_50963
50957,50851,50957_50851
51021,51022,51021_51022
51011,51013,51011_51013
50841,50842,50841_50842
51010,51011,51010_51011
280807,50841,280807_50841
51012,51021,51012_51021
50837,50841,50837_50841
50837,50839,50837_50839
50838,50837,50838_50837
51008,50970,51008_50970
50823,50824,50823_50824
50835,50837,50835_50837
50826,50828,50826_50828
50814,50823,50814_50823
50825,50826,50825_50826
50827,50835,50827_50835
50827,50825,50827_50825
50603,50827,50603_50827
50570,50825,50570_50825
50571,50603,50571_50603
50748,50749,50748_50749
50558,50570,50558_50570
50558,50554,50558_50554
50556,50558,50556_50558
50555,50556,50555_50556
50557,50556,50557_50556
50615,50618,50615_50618
50551,50561,50551_50561
50551,50557,50551_50557
50560,50551,50560_50551
50560,50563,50560_50563
50598,50601,50598_50601
50609,50610,50609_50610
50609,50601,50609_50601
50614,50615,50614_50615
50550,50551,50550_50551
51116,51117,51116_51117
50880,50884,50880_50884
50908,50909,50908_50909
51764,51752,51764_51752
50851,50852,50851_50852
51064,51066,51064_51066
50896,50899,50896_50899
50981,50983,50981_50983
50977,50976,50977_50976
50853,50852,50853_50852
50852,50867,50852_50867
50838,13231,50838_13231
13231,280807,13231_280807
270746,176835,270746_176835
176835,176834,176835_176834
176834,50965,176834_50965
50956,50957,50956_50957
199557,50864,199557_50864
51135,281375,51135_281375
201374,201373,201374_201373
51143,201373,51143_201373
201373,10468,201373_10468
51114,201419,51114_201419
201425,50947,201425_50947
50947,50949,50947_50949
199670,201425,199670_201425
51098,199670,51098_199670
199670,51091,199670_51091
50797,51007,50797_51007
51131,51132,51131_51132
51135,51137,51135_51137
51097,51099,51097_51099
51093,51094,51093_51094
48712,51745,48712_51745
500281,281367,500281_281367
51100,202607,51100_202607
202607,51108,202607_51108
51108,51109,51108_51109
50561,50569,50561_50569
202737,50743,202737_50743
50748,202738,50748_202738
202738,50743,202738_50743
283813,203943,283813_203943
51099,207849,51099_207849
207849,51108,207849_51108
281339,209118,281339_209118
51061,201463,51061_201463
201463,51068,201463_51068
51107,51104,51107_51104
51148,213022,51148_213022
213022,51150,213022_51150
213025,51147,213025_51147
50886,213139,50886_213139
213139,50885,213139_50885
50819,50820,50819_50820
216633,10470,216633_10470
50955,222925,50955_222925
222925,222926,222925_222926
50939,223859,50939_223859
15657,223860,15657_223860
223860,50939,223860_50939
51110,224852,51110_224852
224852,224851,224852_224851
50998,224857,50998_224857
224857,224858,224857_224858
50839,224860,50839_224860
224860,224859,224860_224859
50960,224896,50960_224896
224896,50962,224896_50962
50743,224902,50743_224902
13230,225235,13230_225235
225235,50960,225235_50960
225237,51896,225237_51896
50989,225721,50989_225721
225721,225722,225721_225722
225722,50995,225722_50995
50995,225723,50995_225723
50855,225731,50855_225731
225731,50857,225731_50857
225734,50855,225734_50855
226829,50921,226829_50921
50864,227883,50864_227883
50952,228825,50952_228825
228825,50951,228825_50951
50915,230325,50915_230325
230325,230330,230325_230330
230330,50922,230330_50922
50895,231816,50895_231816
231816,50892,231816_50892
228219,50822,228219_50822
50900,232155,50900_232155
232155,50902,232155_50902
232694,13229,232694_13229
13229,232695,13229_232695
232695,50851,232695_50851
232707,48343,232707_48343
48343,232708,48343_232708
232708,232727,232708_232727
232727,198042,232727_198042
232730,232707,232730_232707
48339,232731,48339_232731
232731,232730,232731_232730
232872,51065,232872_51065
51898,232902,51898_232902
232902,51901,232902_51901
232903,51861,232903_51861
51111,232904,51111_232904
232904,51861,232904_51861
51749,232906,51749_232906
232906,232905,232906_232905
318604,233402,318604_233402
233410,50598,233410_50598
233411,233410,233411_233410
233411,50568,233411_50568
232901,233423,232901_233423
233423,50598,233423_50598
233425,50610,233425_50610
233426,50614,233426_50614
233426,233425,233426_233425
233427,50731,233427_50731
233427,50614,233427_50614
233428,500282,233428_500282
233429,50742,233429_50742
50618,233430,50618_233430
233430,50616,233430_50616
233431,50616,233431_50616
50742,233433,50742_233433
233433,202737,233433_202737
50617,233434,50617_233434
50831,233437,50831_233437
233437,50830,233437_50830
233438,50831,233438_50831
233451,50972,233451_50972
51013,233452,51013_233452
233451,233452,233451_233452
233454,48275,233454_48275
51033,233468,51033_233468
233468,51040,233468_51040
50988,233475,50988_233475
233475,50992,233475_50992
51029,233476,51029_233476
51023,233476,51023_233476
50857,233479,50857_233479
233479,50860,233479_50860
233480,50860,233480_50860
51023,233481,51023_233481
233481,51014,233481_51014
233492,51034,233492_51034
233493,48343,233493_48343
50920,233498,50920_233498
50921,233499,50921_233499
233499,50933,233499_50933
233500,50941,233500_50941
233501,50929,233501_50929
233502,50921,233502_50921
233503,51064,233503_51064
51060,233504,51060_233504
51075,233505,51075_233505
233505,233506,233505_233506
233506,51076,233506_51076
51076,233507,51076_233507
51058,233509,51058_233509
233509,51059,233509_51059
51140,233517,51140_233517
51117,233520,51117_233520
233520,51120,233520_51120
201419,233522,201419_233522
233522,51117,233522_51117
51099,233523,51099_233523
233524,51110,233524_51110
233532,51097,233532_51097
233606,172788,233606_172788
207851,51122,207851_51122
50598,233694,50598_233694
233694,50604,233694_50604
233807,50819,233807_50819
233808,50821,233808_50821
51068,233819,51068_233819
233819,233532,233819_233532
233821,50964,233821_50964
233842,198048,233842_198048
48276,233846,48276_233846
233846,233844,233846_233844
233860,233862,233860_233862
233862,233606,233862_233606
233868,233869,233868_233869
233869,233870,233869_233870
233870,233871,233870_233871
233871,198043,233871_198043
203943,233875,203943_233875
233875,233874,233875_233874
50821,233879,50821_233879
233874,233881,233874_233881
233881,233860,233881_233860
48343,233887,48343_233887
233894,50916,233894_50916
50899,233895,50899_233895
50913,233897,50913_233897
233897,50896,233897_50896
233895,233902,233895_233902
233903,233906,233903_233906
233906,233894,233906_233894
50833,233933,50833_233933
233935,50913,233935_50913
50895,233937,50895_233937
233937,233935,233937_233935
233939,233940,233939_233940
233940,227882,233940_227882
233966,50833,233966_50833
233967,233966,233967_233966
233968,50895,233968_50895
233973,51749,233973_51749
50938,233974,50938_233974
233974,50936,233974_50936
51117,233976,51117_233976
233976,207851,233976_207851
233983,51116,233983_51116
233989,233505,233989_233505
51065,233990,51065_233990
50980,234008,50980_234008
234008,50981,234008_50981
50969,234009,50969_234009
50972,234011,50972_234011
234009,234011,234009_234011
234029,50854,234029_50854
50853,234030,50853_234030
234030,234031,234030_234031
234031,234033,234031_234033
234033,50958,234033_50958
50996,234039,50996_234039
234039,51055,234039_51055
233434,234041,233434_234041
50951,234042,50951_234042
234042,50844,234042_50844
50965,234043,50965_234043
234043,51008,234043_51008
234044,50748,234044_50748
51065,234046,51065_234046
234046,233503,234046_233503
50832,234054,50832_234054
222926,234071,222926_234071
234071,50960,234071_50960
50541,50550,50541_50550
50948,234094,50948_234094
48349,234095,48349_234095
234124,51859,234124_51859
234125,232903,234125_232903
234125,234124,234125_234124
51773,234413,51773_234413
234423,51770,234423_51770
234423,256725,234423_256725
235911,50817,235911_50817
246191,50559,246191_50559
50909,253365,50909_253365
253365,50912,253365_50912
51745,253809,51745_253809
50821,254819,50821_254819
254819,50832,254819_50832
254964,235911,254964_235911
234095,48712,234095_48712
233507,233983,233507_233983
256674,51113,256674_51113
209115,256676,209115_256676
51091,256718,51091_256718
256718,216633,256718_216633
50944,256720,50944_256720
256720,50948,256720_50948
50568,257640,50568_257640
257640,50563,257640_50563
48284,261064,48284_261064
261064,48339,261064_48339
50569,261197,50569_261197
261197,261198,261197_261198
261198,50571,261198_50571
50743,261213,50743_261213
51056,261219,51056_261219
261219,232872,261219_232872
261237,50952,261237_50952
261243,234053,261243_234053
50817,500278,50817_500278
233887,261266,233887_261266
261266,48344,261266_48344
261267,201419,261267_201419
50833,261275,50833_261275
261275,233939,261275_233939
51120,261443,51120_261443
261443,213025,261443_213025
234041,268635,234041_268635
268635,50844,268635_50844
50883,268780,50883_268780
268780,50880,268780_50880
51114,269984,51114_269984
269984,256674,269984_256674
233523,269985,233523_269985
269985,261267,269985_261267
51024,269993,51024_269993
269993,51021,269993_51021
233517,270074,233517_270074
51128,270079,51128_270079
270079,51131,270079_51131
51859,270131,51859_270131
51107,270132,51107_270132
270132,233524,270132_233524
51088,270133,51088_270133
270133,51093,270133_51093
50929,270193,50929_270193
270193,233500,270193_233500
270194,51098,270194_51098
51113,270194,51113_270194
50960,270752,50960_270752
270752,50956,270752_50956
51007,270753,51007_270753
270753,50965,270753_50965
50965,270754,50965_270754
270754,270755,270754_270755
270755,50964,270755_50964
50964,270756,50964_270756
270756,270757,270756_270757
270757,50955,270757_50955
50964,270758,50964_270758
270758,50970,270758_50970
270844,234101,270844_234101
51021,273630,51021_273630
273630,51014,273630_51014
274223,51752,274223_51752
274223,51750,274223_51750
51765,274226,51765_274226
51764,274226,51764_274226
51861,275374,51861_275374
275374,275377,275374_275377
48344,275383,48344_275383
275383,232729,275383_232729
51765,276213,51765_276213
51765,276215,51765_276215
48283,276252,48283_276252
276252,233842,276252_233842
233933,276255,233933_276255
276255,233968,276255_233968
233902,276267,233902_276267
276267,50914,276267_50914
234054,276268,234054_276268
276268,261243,276268_261243
234055,276601,234055_276601
276601,225734,276601_225734
224859,276271,224859_276271
276271,50842,276271_50842
50914,276279,50914_276279
276280,50994,276280_50994
50844,276948,50844_276948
276948,279305,276948_279305
276287,233903,276287_233903
276287,276279,276287_276279
15662,276314,15662_276314
276314,233973,276314_233973
279305,276315,279305_276315
276316,233963,276316_233963
261213,276580,261213_276580
276580,261237,276580_261237
227882,276589,227882_276589
276590,50939,276590_50939
276591,233989,276591_233989
276592,51125,276592_51125
234053,276594,234053_276594
276645,48713,276645_48713
51000,276692,51000_276692
51031,276693,51031_276693
51031,276695,51031_276695
51031,276699,51031_276699
172788,283804,172788_283804
50970,276776,50970_276776
276776,51010,276776_51010
276589,276924,276589_276924
276924,276316,276924_276316
233963,276977,233963_276977
276977,227883,276977_227883
51750,277160,51750_277160
48249,279428,48249_279428
279428,233454,279428_233454
50928,280156,50928_280156
51057,280158,51057_280158
280158,51058,280158_51058
280156,280159,280156_280159
280159,51058,280159_51058
50928,280161,50928_280161
280161,233501,280161_233501
233498,280177,233498_280177
280177,50928,280177_50928
276594,280198,276594_280198
280198,233480,280198_233480
50830,228219,50830_228219
276597,280971,276597_280971
280971,50833,280971_50833
280972,270844,280972_270844
234101,280974,234101_280974
280974,50889,280974_50889
50889,281263,50889_281263
280807,281277,280807_281277
281277,340425,281277_340425
340425,340426,340425_340426
281282,50865,281282_50865
50842,281283,50842_281283
281283,340429,281283_340429
281286,13230,281286_13230
281294,50603,281294_50603
500282,281326,500282_281326
281326,233429,281326_233429
233402,281332,233402_281332
281332,50748,281332_50748
281337,201375,281337_201375
51038,281338,51038_281338
281338,281337,281338_281337
51030,281339,51030_281339
209118,281340,209118_281340
51019,51024,51019_51024
281342,51037,281342_51037
51040,281353,51040_281353
281353,281354,281353_281354
51080,281367,51080_281367
281367,51076,281367_51076
51137,281374,51137_281374
281374,233519,281374_233519
281376,51034,281376_51034
281418,234424,281418_234424
50953,281443,50953_281443
281443,233821,281443_233821
224902,281444,224902_281444
281444,50953,281444_50953
51047,281445,51047_281445
51040,281446,51040_281446
281446,51047,281446_51047
281565,50607,281565_50607
280845,281566,280845_281566
281566,50599,281566_50599
246185,281567,246185_281567
246197,281569,246197_281569
281569,232901,281569_232901
281729,233807,281729_233807
283804,276597,283804_276597
283806,233967,283806_233967
198043,283813,198043_283813
51861,285796,51861_285796
340429,285813,340429_285813
285813,281282,285813_281282
340426,285814,340426_285814
285814,232694,285814_232694
50923,286590,50923_286590
286590,50925,286590_50925
51054,286591,51054_286591
286591,286592,286591_286592
286592,51057,286592_51057
50997,286596,50997_286596
286597,50998,286597_50998
50878,286623,50878_286623
286623,50879,286623_50879
50847,297745,50847_297745
297745,281286,297745_281286
50824,298108,50824_298108
233990,299407,233990_299407
299407,51075,299407_51075
50975,299435,50975_299435
299435,50980,299435_50980
50554,299788,50554_299788
50853,299832,50853_299832
299832,234029,299832_234029
50989,299912,50989_299912
299912,299913,299912_299913
299913,50988,299913_50988
50991,299914,50991_299914
299914,50989,299914_50989
276315,50847,276315_50847
300058,256676,300058_256676
300058,281342,300058_281342
50604,300062,50604_300062
300062,233431,300062_233431
275374,300067,275374_300067
300067,51867,300067_51867
50875,300129,50875_300129
300129,50979,300129_50979
281263,300213,281263_300213
300213,50901,300213_50901
232729,300214,232729_300214
300214,280972,300214_280972
224851,300315,224851_300315
300315,276592,300315_276592
50950,300411,50950_300411
300411,50948,300411_50948
51749,300722,51749_300722
50907,300723,50907_300723
300723,50908,300723_50908
50905,300724,50905_300724
300724,276645,300724_276645
50934,300797,50934_300797
300797,50935,300797_50935
270074,500281,270074_500281
51071,276591,51071_276591
50854,50974,50854_50974
50938,320675,50938_320675
320675,276590,320675_276590
270131,324686,270131_324686
328614,276699,328614_276699
328614,276692,328614_276692
51745,331072,51745_331072
331072,331073,331072_331073
331073,232905,331073_232905
334672,50815,334672_50815
334672,50813,334672_50813
50984,335772,50984_335772
335772,276280,335772_276280
50982,335773,50982_335773
335773,335774,335773_335774
335774,50990,335774_50990
335779,281729,335779_281729
50820,340242,50820_340242
340242,233808,340242_233808
340243,50822,340243_50822
340243,50819,340243_50819
233879,340244,233879_340244
340244,233868,340244_233868
50831,340456,50831_340456
340456,234055,340456_234055
51026,10435,51026_10435
51456,51454,51456_51454
10467,51141,10467_51141
50732,50612,50732_50612
50545,50606,50545_50606
11740,51077,11740_51077
12776,261393,12776_261393
51860,51859,51860_51859
51106,51105,51106_51105
51105,51104,51105_51104
51104,51103,51104_51103
51126,51124,51126_51124
51101,51095,51101_51095
51101,51090,51101_51090
51095,51096,51095_51096
51090,50943,51090_50943
50945,50942,50945_50942
50942,50941,50942_50941
50917,50904,50917_50904
50904,50903,50904_50903
51087,500281,51087_500281
51058,51060,51058_51060
50926,50920,50926_50920
50921,50920,50921_50920
50919,50916,50919_50916
51074,51073,51074_51073
51127,51128,51127_51128
51141,51048,51141_51048
51141,51042,51141_51042
50993,50885,50993_50885
50864,50863,50864_50863
50863,50862,50863_50862
50883,50882,50883_50882
50882,50987,50882_50987
50987,50982,50987_50982
50859,50868,50859_50868
50982,50983,50982_50983
50868,50869,50868_50869
51044,51456,51044_51456
50869,50872,50869_50872
51001,51000,51001_51000
50872,50871,50872_50871
50871,50854,50871_50854
50973,50972,50973_50972
50963,50967,50963_50967
50972,50971,50972_50971
51029,51028,51029_51028
51028,201357,51028_201357
50828,50835,50828_50835
50835,50834,50835_50834
50605,50602,50605_50602
50610,50608,50610_50608
50568,50567,50568_50567
50567,50566,50567_50566
51009,50790,51009_50790
50754,50747,50754_50747
50747,50735,50747_50735
50612,50611,50612_50611
50924,51053,50924_51053
199564,50919,199564_50919
50920,199564,50920_199564
50753,50750,50753_50750
201357,201358,201357_201358
51046,201360,51046_201360
51136,51135,51136_51135
199680,10467,199680_10467
51139,199680,51139_199680
199679,51089,199679_51089
10469,199679,10469_199679
51144,51041,51144_51041
209094,50945,209094_50945
51771,209094,51771_209094
51435,51026,51435_51026
51437,51435,51437_51435
51039,51452,51039_51452
213019,50902,213019_50902
50952,213028,50952_213028
216638,51050,216638_51050
51048,216638,51048_216638
51454,216642,51454_216642
224854,51106,224854_51106
51859,224853,51859_224853
224853,224854,224853_224854
51897,224901,51897_224901
224903,50952,224903_50952
224931,50957,224931_50957
50958,224931,50958_224931
50957,50850,50957_50850
225301,51897,225301_51897
226829,50918,226829_50918
232154,50917,232154_50917
232726,50859,232726_50859
50861,232726,50861_232726
233071,51082,233071_51082
51077,233071,51077_233071
233072,51139,233072_51139
233424,50610,233424_50610
50618,233424,50618_233424
233432,50741,233432_50741
50619,233432,50619_233432
233439,50836,233439_50836
51000,233450,51000_233450
51005,233469,51005_233469
51006,233470,51006_233470
51005,233471,51005_233471
50915,233472,50915_233472
233473,50996,233473_50996
233477,51029,233477_51029
233494,213019,233494_213019
50903,233494,50903_233494
50926,233502,50926_233502
233504,51066,233504_51066
233508,51073,233508_51073
233521,51120,233521_51120
233525,51101,233525_51101
51090,233526,51090_233526
233526,233527,233526_233527
233616,50732,233616_50732
50737,233616,50737_233616
50734,50599,50734_50599
233661,50605,233661_50605
233662,50618,233662_50618
50619,233662,50619_233662
233663,50568,233663_50568
50602,233663,50602_233663
50836,233812,50836_233812
50996,233818,50996_233818
50916,233905,50916_233905
233905,233908,233905_233908
233924,233922,233924_233922
233472,233924,233472_233924
233941,50864,233941_50864
233922,233941,233922_233941
233954,50861,233954_50861
233956,233954,233956_233954
50862,233956,50862_233956
233972,232154,233972_232154
50918,233972,50918_233972
234017,50966,234017_50966
50967,234017,50967_234017
234020,50966,234020_50966
50971,234020,50971_234020
213028,234023,213028_234023
234028,50619,234028_50619
234023,234028,234023_234028
234035,50958,234035_50958
234040,50619,234040_50619
50617,234040,50617_234040
50750,234044,50750_234044
234045,51007,234045_51007
51017,234045,51017_234045
234048,51119,234048_51119
51120,234048,51120_234048
50966,234072,50966_234072
233497,50926,233497_50926
234409,10469,234409_10469
50945,234409,50945_234409
234412,51771,234412_51771
209092,234412,209092_234412
50611,246183,50611_246183
254231,50734,254231_50734
50747,254231,50747_254231
50735,254758,50735_254758
256662,11740,256662_11740
256662,256663,256662_256663
256669,51044,256669_51044
51050,256669,51050_256669
256672,51437,256672_51437
216642,256672,216642_256672
256682,50794,256682_50794
51009,256682,51009_256682
256683,50737,256683_50737
50754,256683,50754_256683
256692,201358,256692_201358
10435,256692,10435_256692
256700,50546,256700_50546
50599,256700,50599_256700
257016,50754,257016_50754
50794,257016,50794_257016
257194,51009,257194_51009
201358,257194,201358_257194
50566,257544,50566_257544
261245,233072,261245_233072
51082,261245,51082_261245
261292,233521,261292_233521
51124,261292,51124_261292
261393,261394,261393_261394
267426,235915,267426_235915
50546,267426,50546_267426
267427,235912,267427_235912
50567,267427,50567_267427
267428,50542,267428_50542
50559,267428,50559_267428
269983,51437,269983_51437
51452,269983,51452_269983
270014,51017,270014_51017
51024,270014,51024_270014
270073,256662,270073_256662
51073,270075,51073_270075
270076,51072,270076_51072
51073,270076,51073_270076
270080,233492,270080_233492
51038,270084,51038_270084
270135,233525,270135_233525
51103,270135,51103_270135
270192,233497,270192_233497
270136,270192,270136_270192
270195,270073,270195_270073
51089,270195,51089_270195
270971,51099,270971_51099
51096,270971,51096_270971
270084,270972,270084_270972
276283,50843,276283_50843
261394,276283,261394_276283
276403,50915,276403_50915
233908,276403,233908_276403
276434,234038,276434_234038
50978,276434,50978_276434
276976,12776,276976_12776
50849,276976,50849_276976
280339,50993,280339_50993
280340,280339,280340_280339
233474,280340,233474_280340
281285,50849,281285_50849
50850,281285,50850_281285
281296,281295,281296_281295
234072,281296,234072_281296
281295,281318,281295_281318
281319,224903,281319_224903
281330,50753,281330_50753
281350,51037,281350_51037
270972,281350,270972_281350
281352,51039,281352_51039
236209,281352,236209_281352
281354,51045,281354_51045
51045,281355,51045_281355
281355,281356,281355_281356
281356,281357,281356_281357
281368,51074,281368_51074
500281,281368,500281_281368
281377,51080,281377_51080
256663,281377,256663_281377
281378,233508,281378_233508
51080,281378,51080_281378
281379,51133,281379_51133
51139,281379,51139_281379
51133,281380,51133_281380
281414,257500,281414_257500
281415,281414,281415_281414
281380,281415,281380_281415
257500,281416,257500_281416
281416,281417,281416_281417
281417,281418,281417_281418
281420,51046,281420_51046
51042,281420,51042_281420
281421,51036,281421_51036
201360,281421,201360_281421
281427,270136,281427_270136
233527,281427,233527_281427
281439,270080,281439_270080
51041,281439,51041_281439
50790,281441,50790_281441
281442,281330,281442_281330
281441,281442,281441_281442
281567,246184,281567_246184
281571,246192,281571_246192
257544,281571,257544_281571
283807,50860,283807_50860
283806,283807,283806_283807
286485,246194,286485_246194
50608,286485,50608_286485
286593,51054,286593_51054
51056,286594,51056_286594
290431,50594,290431_50594
50612,290431,50612_290431
297744,281319,297744_281319
286301,297744,286301_297744
300064,50742,300064_50742
50741,300064,50741_300064
300426,51087,300426_51087
51119,300426,51119_300426
300649,51008,300649_51008
51012,300649,51012_300649
301204,51456,301204_51456
281357,301204,281357_301204
328620,50973,328620_50973
331271,50596,331271_50596
254758,331271,254758_331271
340431,286301,340431_286301
281318,340431,281318_340431
50740,500282,50740_500282
500282,50731,500282_50731
15658,50936,15658_50936
15658,15659,15658_15659
15662,50912,15662_50912
15662,50937,15662_50937
50912,15659,50912_15659
51750,51749,51750_51749
51897,51896,51897_51896
51897,51898,51897_51898
51148,51126,51148_51126
51126,51125,51126_51125
51125,51123,51125_51123
51123,51122,51123_51122
50938,50935,50938_50935
50905,50906,50905_50906
50934,50933,50934_50933
51069,51068,51069_51068
50927,50921,50927_50921
50906,50890,50906_50890
50907,50902,50907_50902
50902,50901,50902_50901
50929,50927,50929_50927
51059,51061,51059_51061
51068,51067,51068_51067
51069,51076,51069_51076
50890,50889,50890_50889
51067,51066,51067_51066
50889,50888,50889_50888
50928,50925,50928_50925
50900,50894,50900_50894
50894,50897,50894_50897
50888,50893,50888_50893
50897,50896,50897_50896
50896,50892,50896_50892
50893,50892,50893_50892
50885,50884,50885_50884
50886,50992,50886_50992
50995,50994,50995_50994
50994,50990,50994_50990
50991,50990,50991_50990
51038,51036,51038_51036
50984,50986,50984_50986
50984,50983,50984_50983
50982,50979,50982_50979
50857,50858,50857_50858
48276,48275,48276_48275
50875,50872,50875_50872
50858,50866,50858_50866
50980,50976,50980_50976
50977,50978,50977_50978
50975,50974,50975_50974
50978,50985,50978_50985
50999,51000,50999_51000
51037,51035,51037_51035
50872,50865,50872_50865
50866,50865,50866_50865
50865,50867,50865_50867
50959,50958,50959_50958
50961,50959,50961_50959
50968,50961,50968_50961
50968,50969,50968_50969
51014,51013,51014_51013
51030,51029,51030_51029
50853,50851,50853_50851
51023,51022,51023_51022
50851,50957,50851_50957
51022,51021,51022_51021
50842,50841,50842_50841
50841,280807,50841_280807
51021,51012,51021_51012
51011,51012,51011_51012
50970,51008,50970_51008
50824,50823,50824_50823
50828,50826,50828_50826
50823,50814,50823_50814
50826,50825,50826_50825
50825,50827,50825_50827
50827,50603,50827_50603
50825,50570,50825_50570
50603,50571,50603_50571
50749,50748,50749_50748
50570,50558,50570_50558
50558,50556,50558_50556
50556,50557,50556_50557
50618,50615,50618_50615
50561,50551,50561_50551
50557,50551,50557_50551
50551,50560,50551_50560
50563,50560,50563_50560
50601,50598,50601_50598
50610,50609,50610_50609
50601,50609,50601_50609
50615,50614,50615_50614
50551,50550,50551_50550
51117,51116,51117_51116
50884,50880,50884_50880
50909,50908,50909_50908
51752,51764,51752_51764
50852,50851,50852_50851
51066,51064,51066_51064
50899,50896,50899_50896
50983,50981,50983_50981
50976,50977,50976_50977
50852,50853,50852_50853
50867,50852,50867_50852
13231,50838,13231_50838
280807,13231,280807_13231
176835,270746,176835_270746
176834,176835,176834_176835
50965,176834,50965_176834
50957,50956,50957_50956
50864,199557,50864_199557
51007,50797,51007_50797
51099,51097,51099_51097
51745,48712,51745_48712
281367,500281,281367_500281
50569,50561,50569_50561
202738,50748,202738_50748
209118,281339,209118_281339
201463,51061,201463_51061
51068,201463,51068_201463
51104,51107,51104_51107
213022,51148,213022_51148
51150,213022,51150_213022
51147,213025,51147_213025
213139,50886,213139_50886
50885,213139,50885_213139
50820,50819,50820_50819
222925,50955,222925_50955
222926,222925,222926_222925
223859,50939,223859_50939
224852,51110,224852_51110
224851,224852,224851_224852
224860,50839,224860_50839
224859,224860,224859_224860
51896,225237,51896_225237
50921,226829,50921_226829
227883,50864,227883_50864
231816,50895,231816_50895
50892,231816,50892_231816
50822,228219,50822_228219
232155,50900,232155_50900
50902,232155,50902_232155
13229,232694,13229_232694
232695,13229,232695_13229
50851,232695,50851_232695
48343,232707,48343_232707
232708,48343,232708_48343
232727,232708,232727_232708
198042,232727,198042_232727
232707,232730,232707_232730
232731,48339,232731_48339
232730,232731,232730_232731
51065,232872,51065_232872
232902,51898,232902_51898
51901,232902,51901_232902
51861,232903,51861_232903
232906,51749,232906_51749
232905,232906,232905_232906
233402,318604,233402_318604
50598,233410,50598_233410
233410,233411,233410_233411
50568,233411,50568_233411
50610,233425,50610_233425
50614,233426,50614_233426
233425,233426,233425_233426
50731,233427,50731_233427
50614,233427,50614_233427
500282,233428,500282_233428
50742,233429,50742_233429
233430,50618,233430_50618
50616,233430,50616_233430
233437,50831,233437_50831
50830,233437,50830_233437
50972,233451,50972_233451
233452,51013,233452_51013
233452,233451,233452_233451
48275,233454,48275_233454
233475,50988,233475_50988
50992,233475,50992_233475
233476,51029,233476_51029
233476,51023,233476_51023
233479,50857,233479_50857
50860,233479,50860_233479
50860,233480,50860_233480
233481,51023,233481_51023
51014,233481,51014_233481
48343,233493,48343_233493
233499,50921,233499_50921
50933,233499,50933_233499
50941,233500,50941_233500
50929,233501,50929_233501
51064,233503,51064_233503
233505,51075,233505_51075
233506,233505,233506_233505
51076,233506,51076_233506
233507,51076,233507_51076
233517,51140,233517_51140
233523,51099,233523_51099
51110,233524,51110_233524
51097,233532,51097_233532
50937,15657,50937_15657
51122,207851,51122_207851
50819,233807,50819_233807
50821,233808,50821_233808
233819,51068,233819_51068
233532,233819,233532_233819
198048,233842,198048_233842
233846,48276,233846_48276
233844,233846,233844_233846
233869,233868,233869_233868
233870,233869,233870_233869
233871,233870,233871_233870
198043,233871,198043_233871
233879,50821,233879_50821
50916,233894,50916_233894
233895,50899,233895_50899
233897,50913,233897_50913
50896,233897,50896_233897
233902,233895,233902_233895
233906,233903,233906_233903
233894,233906,233894_233906
233933,50833,233933_50833
50913,233935,50913_233935
233937,50895,233937_50895
233935,233937,233935_233937
233940,233939,233940_233939
227882,233940,227882_233940
233945,50860,233945_50860
199563,233945,199563_233945
233950,199563,233950_199563
50861,233950,50861_233950
50833,233966,50833_233966
233966,233967,233966_233967
50895,233968,50895_233968
51749,233973,51749_233973
233974,50938,233974_50938
50936,233974,50936_233974
233976,51117,233976_51117
207851,233976,207851_233976
51116,233983,51116_233983
233990,51065,233990_51065
234008,50980,234008_50980
50981,234008,50981_234008
234009,50969,234009_50969
234011,50972,234011_50972
234011,234009,234011_234009
50854,234029,50854_234029
234030,50853,234030_50853
234031,234030,234031_234030
234033,234031,234033_234031
50958,234033,50958_234033
234039,50996,234039_50996
51055,234039,51055_234039
234043,50965,234043_50965
51008,234043,51008_234043
234046,51065,234046_51065
233503,234046,233503_234046
234054,50832,234054_50832
234071,222926,234071_222926
50960,234071,50960_234071
50550,50541,50550_50541
234095,48349,234095_48349
51859,234124,51859_234124
232903,234125,232903_234125
234124,234125,234124_234125
51770,234423,51770_234423
256725,234423,256725_234423
50817,235911,50817_235911
253365,50909,253365_50909
50912,253365,50912_253365
254819,50821,254819_50821
50832,254819,50832_254819
235911,254964,235911_254964
48712,234095,48712_234095
233983,233507,233983_233507
256676,209115,256676_209115
257640,50568,257640_50568
50563,257640,50563_257640
261064,48284,261064_48284
48339,261064,48339_261064
261197,50569,261197_50569
261198,261197,261198_261197
50571,261198,50571_261198
261219,51056,261219_51056
232872,261219,232872_261219
234053,261243,234053_261243
500278,50817,500278_50817
261275,50833,261275_50833
233939,261275,233939_261275
261443,51120,261443_51120
213025,261443,213025_261443
269993,51024,269993_51024
51021,269993,51021_269993
270074,233517,270074_233517
270131,51859,270131_51859
270132,51107,270132_51107
233524,270132,233524_270132
270193,50929,270193_50929
233500,270193,233500_270193
270752,50960,270752_50960
50956,270752,50956_270752
270753,51007,270753_51007
50965,270753,50965_270753
270754,50965,270754_50965
270755,270754,270755_270754
50964,270755,50964_270755
270756,50964,270756_50964
270757,270756,270757_270756
50955,270757,50955_270757
234101,270844,234101_270844
273630,51021,273630_51021
51014,273630,51014_273630
51752,274223,51752_274223
51750,274223,51750_274223
274226,51765,274226_51765
274226,51764,274226_51764
275374,51861,275374_51861
275377,275374,275377_275374
276213,51765,276213_51765
276215,51765,276215_51765
276252,48283,276252_48283
233842,276252,233842_276252
276255,233933,276255_233933
233968,276255,233968_276255
276267,233902,276267_233902
50914,276267,50914_276267
276268,234054,276268_234054
261243,276268,261243_276268
276271,224859,276271_224859
50842,276271,50842_276271
276279,50914,276279_50914
50994,276280,50994_276280
233903,276287,233903_276287
276279,276287,276279_276287
276314,15662,276314_15662
233973,276314,233973_276314
233963,276316,233963_276316
276589,227882,276589_227882
50939,276590,50939_276590
51125,276592,51125_276592
276594,234053,276594_234053
48713,276645,48713_276645
276692,51000,276692_51000
276695,51031,276695_51031
276699,51031,276699_51031
276924,276589,276924_276589
276316,276924,276316_276924
276977,233963,276977_233963
227883,276977,227883_276977
277160,51750,277160_51750
279428,48249,279428_48249
233454,279428,233454_279428
280161,50928,280161_50928
233501,280161,233501_280161
280198,276594,280198_276594
233480,280198,233480_280198
228219,50830,228219_50830
280974,234101,280974_234101
50889,280974,50889_280974
281263,50889,281263_50889
281277,280807,281277_280807
340425,281277,340425_281277
340426,340425,340426_340425
50865,281282,50865_281282
281283,50842,281283_50842
340429,281283,340429_281283
50603,281294,50603_281294
281326,500282,281326_500282
233429,281326,233429_281326
281332,233402,281332_233402
50748,281332,50748_281332
201375,281337,201375_281337
281338,51038,281338_51038
281337,281338,281337_281338
281339,51030,281339_51030
281340,209118,281340_209118
51024,51019,51024_51019
51037,281342,51037_281342
281367,51080,281367_51080
51076,281367,51076_281367
233807,281729,233807_281729
233967,283806,233967_283806
283813,198043,283813_198043
285813,340429,285813_340429
281282,285813,281282_285813
285814,340426,285814_340426
232694,285814,232694_285814
286590,50923,286590_50923
50925,286590,50925_286590
50998,286597,50998_286597
298108,50824,298108_50824
299407,233990,299407_233990
51075,299407,51075_299407
299435,50975,299435_50975
50980,299435,50980_299435
299788,50554,299788_50554
299832,50853,299832_50853
234029,299832,234029_299832
299912,50989,299912_50989
299913,299912,299913_299912
50988,299913,50988_299913
299914,50991,299914_50991
50989,299914,50989_299914
256676,300058,256676_300058
281342,300058,281342_300058
300067,275374,300067_275374
51867,300067,51867_300067
300129,50875,300129_50875
50979,300129,50979_300129
300213,281263,300213_281263
50901,300213,50901_300213
300315,224851,300315_224851
276592,300315,276592_300315
300722,51749,300722_51749
300723,50907,300723_50907
50908,300723,50908_300723
300724,50905,300724_50905
276645,300724,276645_300724
300797,50934,300797_50934
50935,300797,50935_300797
500281,270074,500281_270074
50974,50854,50974_50854
320675,50938,320675_50938
276590,320675,276590_320675
324686,270131,324686_270131
276699,328614,276699_328614
276692,328614,276692_328614
331072,51745,331072_51745
331073,331072,331073_331072
232905,331073,232905_331073
50815,334672,50815_334672
50813,334672,50813_334672
335772,50984,335772_50984
276280,335772,276280_335772
335773,50982,335773_50982
335774,335773,335774_335773
50990,335774,50990_335774
281729,335779,281729_335779
340242,50820,340242_50820
233808,340242,233808_340242
50822,340243,50822_340243
50819,340243,50819_340243
340244,233879,340244_233879
233868,340244,233868_340244
340456,50831,340456_50831
990008,993008,990008_993008
281444,990008,281444_990008
990008,281443,990008_281443
990008,270746,990008_270746
990024,50867,990024_50867
990007,990024,990007_990024
990007,50841,990007_50841
990024,285813,990024_285813
990024,285814,990024_285814
990007,280807,990007_280807
990007,50842,990007_50842
990006,50832,990006_50832
990006,172788,990006_172788
990005,48275,990005_48275
990023,50827,990023_50827
990023,50569,990023_50569
990023,50558,990023_50558
990025,50994,990025_50994
990025,234039,990025_234039
990025,50990,990025_50990
990025,234039,990025_234039
990026,51097,990026_51097
990027,51861,990027_51861
50995,50989,50995_50989
990008,990009,990008_990009
990006,990007,990006_990007
990005,990006,990005_990006
990026,990025,990026_990025
990027,990026,990027_990026
990024,990025,990024_990025
990024,990023,990024_990023
990007,990008,990007_990008
990006,990005,990006_990005
990007,990006,990007_990006
990008,990007,990008_990007
990009,990008,990009_990008
990026,990027,990026_990027
990025,990026,990025_990026
990025,990024,990025_990024
990023,990024,990023_990024
990022,990023,990022_990023
990023,990022,990023_990022
48275,990005,48275_990005
172788,990006,172788_990006
50832,990006,50832_990006
50867,990024,50867_990024
990024,990007,990024_990007
50841,990007,50841_990007
285813,990024,285813_990024
285814,990024,285814_990024
280807,990007,280807_990007
50842,990007,50842_990007
990008,281444,990008_281444
993008,990008,993008_990008
270746,990008,270746_990008
281443,990008,281443_990008
50558,990023,50558_990023
50569,990023,50569_990023
50749,993008,50749_993008
993008,50749,993008_50749
993008,270746,993008_270746
270746,993008,270746_993008
51097,990026,51097_990026
500153,51765,500153_51765
51765,500153,51765_500153
999117,500153,999117_500153
223859,999117,223859_999117
223859,500153,223859_500153
500153,223859,500153_223859
500168,51867,500168_51867
51867,500168,51867_500168
51125,500168,51125_500168
500168,51125,500168_51125
500169,51126,500169_51126
224901,500169,224901_500169
500170,50929,500170_50929
50929,500170,50929_500170
51059,500170,51059_500170
500170,51059,500170_51059
500171,50916,500171_50916
500172,50923,500172_50923
500174,51056,500174_51056
51070,500180,51070_500180
51055,500179,51055_500179
51053,500178,51053_500178
500177,50923,500177_50923
500179,51055,500179_51055
50923,500177,50923_500177
286594,500173,286594_500173
500175,51071,500175_51071
500176,51073,500176_51073
50923,500171,50923_500171
51054,500172,51054_500172
500173,286593,500173_286593
51071,500174,51071_500174
270075,500175,270075_500175
281375,500176,281375_500176
50922,500177,50922_500177
500177,50922,500177_50922
500178,51054,500178_51054
500179,51056,500179_51056
500180,51071,500180_51071
500183,51070,500183_51070
51053,500184,51053_500184
500182,51072,500182_51072
51072,500181,51072_500181
500181,51127,500181_51127
51070,500182,51070_500182
51055,500183,51055_500183
500184,51055,500184_51055
50880,500185,50880_500185
500185,50880,500185_50880
50993,500186,50993_500186
51004,500187,51004_500187
51034,500189,51034_500189
500188,51006,500188_51006
500189,51128,500189_51128
51072,500188,51072_500188
500187,51070,500187_51070
500186,51053,500186_51053
500185,50922,500185_50922
50922,500185,50922_500185
50995,500194,50995_500194
51003,500195,51003_500195
51033,500197,51033_500197
500196,51005,500196_51005
500194,50995,500194_50995
500194,50996,500194_50996
50996,500194,50996_500194
500195,51004,500195_51004
233470,500196,233470_500196
500197,281376,500197_281376
51032,500202,51032_500202
500204,51003,500204_51003
500198,51003,500198_51003
51003,500200,51003_500200
500201,51033,500201_51033
233471,51002,233471_51002
225723,500198,225723_500198
224858,500204,224858_500204
500200,51005,500200_51005
233469,500201,233469_500201
500202,51033,500202_51033
500205,50986,500205_50986
51032,500208,51032_500208
500207,51032,500207_51032
50978,50986,50978_50986
51035,500209,51035_500209
500210,51032,500210_51032
500212,50998,500212_50998
51002,500206,51002_500206
51002,500211,51002_500211
50986,500205,50986_500205
500208,51032,500208_51032
51032,500207,51032_500207
500209,51035,500209_51035
500206,51002,500206_51002
50998,500205,50998_500205
500206,286597,500206_286597
51002,500207,51002_500207
500208,51036,500208_51036
51036,500208,51036_500208
500207,51002,500207_51002
286597,500206,286597_500206
500205,50998,500205_50998
286596,500212,286596_500212
500211,51001,500211_51001
276693,500210,276693_500210
500209,51036,500209_51036
51036,500209,51036_500209
50997,500214,50997_500214
500215,50997,500215_50997
500221,50997,500221_50997
51013,51031,51013_51031
500218,51035,500218_51035
51035,500216,51035_500216
51037,500217,51037_500217
234038,500222,234038_500222
233450,500220,233450_500220
500214,50997,500214_50997
50997,500215,50997_500215
51035,500218,51035_500218
500216,51035,500216_51035
500222,234035,500222_234035
50968,500221,50968_500221
500220,328620,500220_328620
51023,500218,51023_500218
500218,51023,500218_51023
500217,233477,500217_233477
500216,276695,500216_276695
276695,500216,276695_500216
50999,500215,50999_500215
500215,50999,500215_50999
500214,50985,500214_50985
50985,500214,50985_500214
50880,500223,50880_500223
500223,50880,500223_50880
500223,199557,500223_199557
199557,500223,199557_500223
50879,500224,50879_500224
500224,50863,500224_50863
50970,500225,50970_500225
500225,50970,500225_50970
500225,50966,500225_50966
50966,500225,50966_500225
50825,500241,50825_500241
500226,50605,500226_50605
50605,500227,50605_500227
500241,50825,500241_50825
50605,500226,50605_500226
500227,50605,500227_50605
500241,50815,500241_50815
50815,500241,50815_500241
500227,281294,500227_281294
281294,500227,281294_500227
50616,500226,50616_500226
500226,50616,500226_50616
500228,50834,500228_50834
50616,500230,50616_500230
233812,500229,233812_500229
50834,500228,50834_500228
500230,50617,500230_50617
500229,233661,500229_233661
50603,500228,50603_500228
500228,50603,500228_50603
500233,50828,500233_50828
50834,500232,50834_500232
500231,50617,500231_50617
50824,500233,50824_500233
500232,50836,500232_50836
50836,500231,50836_500231
500234,50831,500234_50831
50828,500235,50828_500235
500236,50838,500236_50838
50843,500237,50843_500237
50831,500234,50831_500234
500235,50828,500235_50828
50838,500236,50838_500236
50824,500234,50824_500234
500234,50824,500234_50824
500235,50839,500235_50839
50839,500235,50839_500235
50834,500236,50834_500236
500236,50834,500236_50834
500237,233439,500237_233439
50843,500239,50843_500239
50844,500238,50844_500238
50839,500240,50839_500240
500240,233438,500240_233438
500239,50838,500239_50838
500238,50843,500238_50843
51056,500179,51056_500179
203943,283813,203943_283813
233498,50920,233498_50920
233504,51060,233504_51060
172788,233606,172788_233606
233862,233860,233862_233860
233606,233862,233606_233862
233875,203943,233875_203943
233874,233875,233874_233875
233881,233874,233881_233874
233860,233881,233860_233881
233887,48343,233887_48343
261266,233887,261266_233887
48344,261266,48344_261266
275383,48344,275383_48344
232729,275383,232729_275383
283804,172788,283804_172788
280156,50928,280156_50928
280159,280156,280159_280156
51058,280159,51058_280159
280177,233498,280177_233498
50928,280177,50928_280177
280971,276597,280971_276597
50833,280971,50833_280971
270844,280972,270844_280972
276597,283804,276597_283804
300214,232729,300214_232729
280972,300214,280972_300214
50904,50917,50904_50917
50903,50904,50903_50904
51060,51058,51060_51058
50902,213019,50902_213019
50918,226829,50918_226829
50917,232154,50917_232154
213019,233494,213019_233494
233494,50903,233494_50903
51066,233504,51066_233504
232154,233972,232154_233972
233972,50918,233972_50918
50860,283807,50860_283807
283807,283806,283807_283806
51861,990027,51861_990027
234039,990025,234039_990025
234039,990025,234039_990025
50994,990025,50994_990025
50990,990025,50990_990025
50827,990023,50827_990023
50743,202738,50743_202738
51135,51136,51135_51136
500191,51004,500191_51004
500190,51006,500190_51006
51034,500190,51034_500190
51006,500191,51006_500191
51004,500192,51004_500192
500192,233473,500192_233473
233818,500193,233818_500193
500193,233474,500193_233474
50879,50881,50879_50881
50881,50876,50881_50876
50876,50979,50876_50979
50979,50980,50979_50980
500224,50879,500224_50879
50863,500224,50863_500224
462,48276,462_48276
464,48275,464_48275
465,276251,465_276251
467,174153,467_174153
467,48344,467_48344
483,51745,483_51745
490,234124,490_234124
555,275374,555_275374
556,51896,556_51896
559,232902,559_232902
604,51146,604_51146
604,51119,604_51119
604,233517,604_233517
605,233517,605_233517
605,233519,605_233519
606,281368,606_281368
606,500176,606_500176
607,51131,607_51131
607,270076,607_270076
607,500181,607_500181
609,500181,609_500181
610,500197,610_500197
610,500201,610_500201
612,281421,612_281421
613,500201,613_500201
614,276699,614_276699
615,233452,615_233452
615,500220,615_500220
616,233481,616_233481
618,270972,618_270972
657,233476,657_233476
657,269993,657_269993
658,51012,658_51012
661,270753,661_270753
661,270746,661_270746
662,176835,662_176835
663,281318,663_281318
663,270757,663_270757
664,281286,664_281286
664,281318,664_281318
664,234071,664_234071
665,234017,665_234017
665,50962,665_50962
665,234071,665_234071
666,270758,666_270758
666,270757,666_270757
667,51011,667_51011
667,51012,667_51012
668,51010,668_51010
668,50971,668_50971
668,233452,668_233452
669,50967,669_50967
670,500220,670_500220
671,500212,671_500212
671,500211,671_500211
671,500206,671_500206
672,500204,672_500204
672,500206,672_500206
674,500192,674_500192
675,276280,675_276280
675,500204,675_500204
676,500212,676_500212
676,500214,676_500214
677,500214,677_500214
677,50961,677_50961
678,50962,678_50962
678,50956,678_50956
678,50959,678_50959
679,281285,679_281285
679,281286,679_281286
679,50956,679_50956
680,13229,680_13229
680,50850,680_50850
682,50867,682_50867
682,50871,682_50871
683,50871,683_50871
683,50875,683_50875
683,50975,683_50975
684,500222,684_500222
684,50974,684_50974
685,50981,685_50981
686,50981,686_50981
687,225722,687_225722
688,50988,688_50988
688,500193,688_500193
689,50987,689_50987
689,50991,689_50991
690,50882,690_50882
690,50881,690_50881
691,50869,691_50869
691,50875,691_50875
691,50876,691_50876
692,50858,692_50858
692,50868,692_50868
693,50858,693_50858
694,225731,694_225731
695,283806,695_283806
695,280971,695_280971
695,233480,695_233480
696,233956,696_233956
696,233967,696_233967
697,232726,697_232726
697,199563,697_199563
697,233479,697_233479
698,233956,698_233956
698,286623,698_286623
699,500223,699_500223
699,268780,699_268780
700,213139,700_213139
700,268780,700_268780
701,50924,701_50924
702,500193,702_500193
702,234039,702_234039
703,500192,703_500192
703,234039,703_234039
705,270076,705_270076
705,500175,705_500175
707,500173,707_500173
708,50924,708_50924
709,51057,709_51057
709,50925,709_50925
710,280156,710_280156
710,233501,710_233501
710,233509,710_233509
711,233509,711_233509
711,51061,711_51061
711,51067,711_51067
712,280158,712_280158
713,500173,713_500173
714,233503,714_233503
714,233990,714_233990
714,51069,714_51069
715,232872,715_232872
715,276591,715_276591
716,276591,716_276591
716,500175,716_500175
716,281367,716_281367
717,51069,717_51069
719,233500,719_233500
720,51116,720_51116
721,51116,721_51116
721,234048,721_234048
722,51146,722_51146
722,261443,722_261443
722,234048,722_234048
723,51124,723_51124
723,51148,723_51148
723,51149,723_51149
724,51148,724_51148
724,232902,724_232902
724,51900,724_51900
725,500169,725_500169
726,51124,726_51124
726,51122,726_51122
727,300315,727_300315
727,51109,727_51109
727,207851,727_207851
728,232904,728_232904
728,300067,728_300067
729,232904,729_232904
729,232903,729_232903
729,224854,729_224854
730,51103,730_51103
730,51108,730_51108
731,51106,731_51106
733,51752,733_51752
733,223859,733_223859
733,15659,733_15659
734,50904,734_50904
734,50933,734_50933
734,50936,734_50936
735,300724,735_300724
736,50900,736_50900
736,50888,736_50888
737,50919,737_50919
737,232154,737_232154
737,50900,737_50900
738,280177,738_280177
738,50927,738_50927
739,50925,739_50925
740,233908,740_233908
740,230330,740_230330
741,230330,741_230330
741,233922,741_233922
741,500223,741_500223
742,276403,742_276403
742,233940,742_233940
742,50913,742_50913
744,276597,744_276597
745,276268,745_276268
746,50830,746_50830
746,50832,746_50832
746,276601,746_276601
747,50842,747_50842
748,50837,748_50837
748,50842,748_50842
749,280807,749_280807
749,276283,749_276283
750,500237,750_500237
751,50837,751_50837
751,50835,751_50835
752,500240,752_500240
753,50830,753_50830
753,50829,753_50829
754,50823,754_50823
756,50823,756_50823
756,500241,756_500241
757,50835,757_50835
757,50827,757_50827
757,50826,757_50826
758,500229,758_500229
759,50602,759_50602
759,50571,759_50571
760,50571,760_50571
761,50812,761_50812
763,50555,763_50555
763,50556,763_50556
764,50602,764_50602
765,500229,765_500229
766,500237,766_500237
766,234041,766_234041
767,276315,767_276315
767,276283,767_276283
768,50951,768_50951
768,50847,768_50847
769,234041,769_234041
769,234040,769_234040
769,234023,769_234023
769,50951,769_50951
770,233662,770_233662
770,234040,770_234040
770,233430,770_233430
771,233430,771_233430
771,233424,771_233424
772,233425,772_233425
773,233432,773_233432
773,233662,773_233662
774,233433,774_233433
775,261213,775_261213
775,233432,775_233432
775,234023,775_234023
775,233433,775_233433
776,261213,776_261213
777,202738,777_202738
777,50749,777_50749
778,50749,778_50749
790,50601,790_50601
791,50563,791_50563
733,15662,733_15662
732,320675,732_320675
467,48349,467_48349
734,50909,734_50909
737,233895,737_233895
772,233424,772_233424
777,224902,777_224902
669,234020,669_234020
669,234011,669_234011
694,233480,694_233480
760,50570,760_50570
681,285813,681_285813
681,50867,681_50867
691,50878,691_50878
732,999117,732_999117
735,276314,735_276314
467,233600,467_233600
465,203943,465_203943
745,990006,745_990006
464,990006,464_990006
464,340244,464_340244
724,500169,724_500169
728,300315,728_300315
729,233524,729_233524
723,261443,723_261443
719,51088,719_51088
742,50914,742_50914
743,231816,743_231816
696,233940,696_233940
681,285814,681_285814
681,990024,681_990024
748,990024,748_990024
662,270754,662_270754
662,990008,662_990008
777,990008,777_990008
764,50604,764_50604
761,50570,761_50570
658,234045,658_234045
711,51060,711_51060
712,51060,712_51060
713,286592,713_286592
735,253365,735_253365
48276,462,48276_462
48275,464,48275_464
276251,465,276251_465
174153,467,174153_467
48344,467,48344_467
51745,483,51745_483
234124,490,234124_490
275374,555,275374_555
51896,556,51896_556
232902,559,232902_559
51146,604,51146_604
51119,604,51119_604
233517,604,233517_604
233517,605,233517_605
233519,605,233519_605
281368,606,281368_606
500176,606,500176_606
51131,607,51131_607
270076,607,270076_607
500181,607,500181_607
500181,609,500181_609
500197,610,500197_610
500201,610,500201_610
281421,612,281421_612
500201,613,500201_613
276699,614,276699_614
233452,615,233452_615
500220,615,500220_615
233481,616,233481_616
270972,618,270972_618
233476,657,233476_657
269993,657,269993_657
51012,658,51012_658
270753,661,270753_661
270746,661,270746_661
176835,662,176835_662
281318,663,281318_663
270757,663,270757_663
281286,664,281286_664
281318,664,281318_664
234071,664,234071_664
234017,665,234017_665
50962,665,50962_665
234071,665,234071_665
270758,666,270758_666
270757,666,270757_666
51011,667,51011_667
51012,667,51012_667
51010,668,51010_668
50971,668,50971_668
233452,668,233452_668
50967,669,50967_669
500220,670,500220_670
500212,671,500212_671
500211,671,500211_671
500206,671,500206_671
500204,672,500204_672
500206,672,500206_672
500192,674,500192_674
276280,675,276280_675
500204,675,500204_675
500212,676,500212_676
500214,676,500214_676
500214,677,500214_677
50961,677,50961_677
50962,678,50962_678
50956,678,50956_678
50959,678,50959_678
281285,679,281285_679
281286,679,281286_679
50956,679,50956_679
13229,680,13229_680
50850,680,50850_680
50867,682,50867_682
50871,682,50871_682
50871,683,50871_683
50875,683,50875_683
50975,683,50975_683
500222,684,500222_684
50974,684,50974_684
50981,685,50981_685
50981,686,50981_686
225722,687,225722_687
50988,688,50988_688
500193,688,500193_688
50987,689,50987_689
50991,689,50991_689
50882,690,50882_690
50881,690,50881_690
50869,691,50869_691
50875,691,50875_691
50876,691,50876_691
50858,692,50858_692
50868,692,50868_692
50858,693,50858_693
225731,694,225731_694
283806,695,283806_695
280971,695,280971_695
233480,695,233480_695
233956,696,233956_696
233967,696,233967_696
232726,697,232726_697
199563,697,199563_697
233479,697,233479_697
233956,698,233956_698
286623,698,286623_698
500223,699,500223_699
268780,699,268780_699
213139,700,213139_700
268780,700,268780_700
50924,701,50924_701
500193,702,500193_702
234039,702,234039_702
500192,703,500192_703
234039,703,234039_703
270076,705,270076_705
500175,705,500175_705
500173,707,500173_707
50924,708,50924_708
51057,709,51057_709
50925,709,50925_709
280156,710,280156_710
233501,710,233501_710
233509,710,233509_710
233509,711,233509_711
51061,711,51061_711
51067,711,51067_711
280158,712,280158_712
500173,713,500173_713
233503,714,233503_714
233990,714,233990_714
51069,714,51069_714
232872,715,232872_715
276591,715,276591_715
276591,716,276591_716
500175,716,500175_716
281367,716,281367_716
51069,717,51069_717
233500,719,233500_719
51116,720,51116_720
51116,721,51116_721
234048,721,234048_721
51146,722,51146_722
261443,722,261443_722
234048,722,234048_722
51124,723,51124_723
51148,723,51148_723
51149,723,51149_723
51148,724,51148_724
232902,724,232902_724
51900,724,51900_724
500169,725,500169_725
51124,726,51124_726
51122,726,51122_726
300315,727,300315_727
51109,727,51109_727
207851,727,207851_727
232904,728,232904_728
300067,728,300067_728
232904,729,232904_729
232903,729,232903_729
224854,729,224854_729
51103,730,51103_730
51108,730,51108_730
51106,731,51106_731
51752,733,51752_733
223859,733,223859_733
15659,733,15659_733
50904,734,50904_734
50933,734,50933_734
50936,734,50936_734
300724,735,300724_735
50900,736,50900_736
50888,736,50888_736
50919,737,50919_737
232154,737,232154_737
50900,737,50900_737
280177,738,280177_738
50927,738,50927_738
50925,739,50925_739
233908,740,233908_740
230330,740,230330_740
230330,741,230330_741
233922,741,233922_741
500223,741,500223_741
276403,742,276403_742
233940,742,233940_742
50913,742,50913_742
276597,744,276597_744
276268,745,276268_745
50830,746,50830_746
50832,746,50832_746
276601,746,276601_746
50842,747,50842_747
50837,748,50837_748
50842,748,50842_748
280807,749,280807_749
276283,749,276283_749
500237,750,500237_750
50837,751,50837_751
50835,751,50835_751
500240,752,500240_752
50830,753,50830_753
50829,753,50829_753
50823,754,50823_754
50823,756,50823_756
50826,756,50826_756
50835,757,50835_757
50827,757,50827_757
50826,757,50826_757
500229,758,500229_758
50602,759,50602_759
50571,759,50571_759
50571,760,50571_760
50812,761,50812_761
50555,763,50555_763
50556,763,50556_763
50602,764,50602_764
500229,765,500229_765
500237,766,500237_766
234041,766,234041_766
276315,767,276315_767
276283,767,276283_767
50951,768,50951_768
50847,768,50847_768
234041,769,234041_769
234040,769,234040_769
234023,769,234023_769
50951,769,50951_769
233662,770,233662_770
234040,770,234040_770
233430,770,233430_770
233430,771,233430_771
233424,771,233424_771
233425,772,233425_772
233432,773,233432_773
233662,773,233662_773
233433,774,233433_774
261213,775,261213_775
233432,775,233432_775
234023,775,234023_775
233433,775,233433_775
261213,776,261213_776
202738,777,202738_777
50749,777,50749_777
50749,778,50749_778
50601,790,50601_790
50563,791,50563_791
15662,733,15662_733
320675,732,320675_732
48349,467,48349_467
50909,734,50909_734
233895,737,233895_737
233424,772,233424_772
224902,777,224902_777
234020,669,234020_669
234011,669,234011_669
233480,694,233480_694
50570,760,50570_760
285813,681,285813_681
50867,681,50867_681
50878,691,50878_691
999117,732,999117_732
276314,735,276314_735
233600,467,233600_467
203943,465,203943_465
990006,745,990006_745
990006,464,990006_464
340244,464,340244_464
500169,724,500169_724
300315,728,300315_728
233524,729,233524_729
261443,723,261443_723
51088,719,51088_719
50914,742,50914_742
231816,743,231816_743
233940,696,233940_696
285814,681,285814_681
990024,681,990024_681
990024,748,990024_748
270754,662,270754_662
990008,662,990008_662
990008,777,990008_777
50604,764,50604_764
50570,761,50570_761
234045,658,234045_658
51060,711,51060_711
51060,712,51060_712
286592,713,286592_713
253365,735,253365_735
772,50615,772_50615
50615,772,50615_772
771,50601,771_50601
50601,771,50601_771
771,50604,771_50604
50604,771,50604_771
773,50615,773_50615
50615,773,50615_773
728,500168,728_500168
500168,728,500168_728
725,500168,725_500168
500168,725,500168_725
727,269985,727_269985
269985,727,269985_727
693,285813,693_285813
285813,693,285813_693
694,233479,694_233479
233479,694,233479_694
698,232726,698_232726
232726,698,232726_698
739,50919,739_50919
50919,739,50919_739
712,51064,712_51064
51064,712,51064_712
666,234072,666_234072
234072,666,234072_666
665,234072,665_234072
234072,665,234072_665
663,281443,663_281443
281443,663,281443_663
662,233821,662_233821
233821,662,233821_662
773,233429,773_233429
233429,773,233429_773
776,281444,776_281444
281444,776,281444_776
611,233468,611_233468
233468,611,233468_611
611,233492,611_233492
233492,611,233492_611
687,50991,687_50991
50991,687,50991_687
615,276699,615_276699
276699,615,276699_615
670,234011,670_234011
234011,670,234011_670
701,50885,701_50885
50885,701,50885_701
713,51064,713_51064
51064,713,51064_713
717,233507,717_233507
233507,717,233507_717
718,51088,718_51088
51088,718,51088_718
718,233819,718_233819
233819,718,233819_718
719,500170,719_500170
500170,719,500170_719
710,500170,710_500170
500170,710,500170_710
715,500174,715_500174
500174,715,500174_715
709,500172,709_500172
500172,709,500172_709
739,500171,739_500171
500171,739,500171_739
740,500171,740_500171
500171,740,500171_740
708,500172,708_500172
500172,708,500172_708
706,500174,706_500174
500174,706,500174_706
607,500176,607_500176
607,500176,607_500176
707,500184,707_500184
500184,707,500184_707
706,500183,706_500183
500183,706,500183_706
705,500182,705_500182
500182,705,500182_705
705,500180,705_500180
500180,705,500180_705
706,500180,706_500180
500180,706,500180_706
706,500179,706_500179
500179,706,500179_706
707,500179,707_500179
500179,707,500179_707
707,500178,707_500178
500178,707,500178_707
500178,708,500178_708
708,500178,708_500178
500177,708,500177_708
708,500177,708_500177
740,500177,740_500177
500177,740,500177_740
702,500184,702_500184
500184,702,500184_702
703,500183,703_500183
500183,703,500183_703
704,500182,704_500182
500182,704,500182_704
609,500190,609_500190
500190,609,500190_609
609,500189,609_500189
500189,609,500189_609
609,500188,609_500188
500188,609,500188_609
704,500191,704_500191
500191,704,500191_704
704,500188,704_500188
500188,704,500188_704
704,500187,704_500187
500187,704,500187_704
703,500187,703_500187
500187,703,500187_703
702,500186,702_500186
500186,702,500186_702
701,500186,701_500186
500186,701,500186_701
701,500185,701_500185
500185,701,500185_701
741,500185,741_500185
500185,741,500185_741
610,500190,610_500190
500190,610,500190_610
610,500196,610_500196
500196,610,500196_610
673,500196,673_500196
500196,673,500196_673
673,500191,673_500191
500195,673,500195_673
673,500195,673_500195
673,500200,673_500200
500200,673,500200_673
500191,673,500191_673
674,500198,674_500198
500198,674,500198_674
674,500195,674_500195
500195,674,500195_674
674,500194,674_500194
500194,674,500194_674
688,500194,688_500194
500194,688,500194_688
612,500202,612_500202
500202,612,500202_612
612,500208,612_500208
500208,612,500208_612
613,500202,613_500202
500202,613,500202_613
613,500203,613_500203
500203,613,500203_613
672,500203,672_500203
500203,672,500203_672
672,500200,672_500200
500200,672,500200_672
675,500198,675_500198
500198,675,500198_675
675,500205,675_500205
500205,675,500205_675
613,500207,613_500207
500207,613,500207_613
614,500207,614_500207
500207,614,500207_614
614,500210,614_500210
500210,614,500210_614
614,500211,614_500211
500211,614,500211_614
617,500210,617_500210
500210,617,500210_617
617,500209,617_500209
500209,617,500209_617
617,500208,617_500208
500208,617,500208_617
617,500216,617_500216
500216,617,500216_617
671,500215,671_500215
500215,671,500215_671
676,500213,676_500213
500213,676,500213_676
676,500205,676_500205
500205,676,500205_676
670,500221,670_500221
500221,670,500221_670
670,500215,670_500215
500215,670,500215_670
677,500221,677_500221
500221,677,500221_677
677,500222,677_500222
500222,677,500222_677
615,500219,615_500219
500219,615,500219_615
616,500216,616_500216
500216,616,500216_616
616,500219,616_500219
500219,616,500219_616
616,500218,616_500218
500218,616,500218_616
618,500209,618_500209
500209,618,500209_618
619,500218,619_500218
500218,619,500218_619
619,500217,619_500217
500217,619,500217_619
685,500213,685_500213
500213,685,500213_685
685,50976,685_50976
50976,685,50976_685
699,500224,699_500224
500224,699,500224_699
698,500224,698_500224
500224,698,500224_698
668,50971,668_50971
50971,668,50971_668
668,500225,668_500225
500225,668,500225_668
666,234072,666_234072
666,500225,666_500225
500225,666,500225_666
756,50826,756_50826
50826,756,50826_756
500241,756,500241_756
756,500233,756_500233
500233,756,500233_756
757,500228,757_500228
500228,757,500228_757
758,500229,758_500229
500229,758,500229_758
758,500228,758_500228
500228,758,500228_758
758,500227,758_500227
500227,758,500227_758
758,500232,758_500232
500232,758,500232_758
765,500230,765_500230
500230,765,500230_765
765,500231,765_500231
500231,765,500231_765
765,500226,765_500226
500226,765,500226_765
770,500230,770_500230
500230,770,500230_770
766,500238,766_500238
500238,766,500238_766
766,500231,766_500231
500231,766,500231_766
750,500232,750_500232
750,500236,750_500236
500236,750,500236_750
500232,750,500232_750
750,500239,750_500239
500239,750,500239_750
751,500236,751_500236
751,500235,751_500235
500235,751,500235_751
500236,751,500236_751
752,500234,752_500234
500233,752,500233_752
752,500233,752_500233
500233,752,500233_752
500234,752,500234_752
752,500235,752_500235
500235,752,500235_752
747,500240,747_500240
500240,747,500240_747
747,340456,747_340456
340456,747,340456_747
748,280807,748_280807
280807,748,280807_748
401276,401277,401276_401277
401290,401291,401290_401291
401278,401279,401278_401279
401279,401280,401279_401280
401277,401278,401277_401278
401274,401275,401274_401275
401275,401276,401275_401276
401285,401286,401285_401286
401286,401287,401286_401287
401289,401290,401289_401290
401291,401292,401291_401292
401282,401283,401282_401283
401287,401288,401287_401288
401288,401289,401288_401289
401280,401281,401280_401281
401281,401282,401281_401282
401284,401285,401284_401285
401283,401284,401283_401284
401250,401251,401250_401251
401109,401110,401109_401110
401103,401104,401103_401104
401096,401097,401096_401097
401122,401123,401122_401123
401088,401089,401088_401089
401097,401098,401097_401098
401102,401103,401102_401103
401095,401096,401095_401096
401094,401095,401094_401095
401083,401084,401083_401084
401082,401083,401082_401083
401079,401080,401079_401080
401078,401079,401078_401079
401108,401109,401108_401109
401107,401108,401107_401108
401099,401100,401099_401100
401098,401099,401098_401099
401104,401105,401104_401105
401090,401091,401090_401091
401089,401090,401089_401090
401093,401094,401093_401094
401121,401122,401121_401122
401120,401121,401120_401121
401081,401082,401081_401082
401080,401081,401080_401081
401077,401078,401077_401078
401076,401077,401076_401077
401087,401088,401087_401088
401101,401102,401101_401102
401100,401101,401100_401101
401106,401107,401106_401107
401105,401106,401105_401106
401115,401116,401115_401116
401114,401115,401114_401115
401119,401120,401119_401120
401118,401119,401118_401119
401111,401112,401111_401112
401110,401111,401110_401111
401117,401118,401117_401118
401116,401117,401116_401117
401113,401114,401113_401114
401112,401113,401112_401113
401092,401093,401092_401093
401091,401092,401091_401092
401086,401087,401086_401087
401085,401086,401085_401086
401084,401085,401084_401085
401124,401125,401124_401125
401123,401124,401123_401124
401246,232901,401246_232901
50568,401129,50568_401129
401267,51131,401267_51131
51128,401103,51128_401103
401078,50942,401078_50942
50944,401293,50944_401293
51771,401078,51771_401078
51089,401084,51089_401084
401087,256662,401087_256662
401103,51456,401103_51456
401118,50754,401118_50754
50754,401118,50754_401118
401078,51771,401078_51771
401084,51089,401084_51089
256662,401087,256662_401087
51456,401103,51456_401103
608,500189,608_500189
500189,608,500189_608
50816,50817,50816_50817
50817,50816,50817_50816
